1,sahil,sahil@gmail.com,1234567890,Los Angeles,uploads\0012d150-4e73-4680-8637-b96ffdac2c5a_email.png
2,jamie,sahil@gmail.com,1234567890,Tokyo,uploads\8b9a5115-51c1-4770-9978-767306418d27_email - Copy.jpg
3,eren,sahil@gmail.com,1234567890,New York,uploads\0012d150-4e73-4680-8637-b96ffdac2c5a_email.png
4,sahil,sahil@gmail.com,1234567890,pune,uploads\8b9a5115-51c1-4770-9978-767306418d27_email - Copy.jpg
5,sahil,sahil@gmail.com,1234567890,pune,uploads\0012d150-4e73-4680-8637-b96ffdac2c5a_email.png
6,sahil,sahil@gmail.com,1234567890,pune,uploads\8b9a5115-51c1-4770-9978-767306418d27_email - Copy.jpg
7,karen,karen@gmail.com,7834578235,Tokyo,uploads\c292a19c-4761-45f1-950a-a281b9dfae81_spring security flow.png
8,sahil,sahil@gmail.com,1234567890,Los Angeles,uploads\0012d150-4e73-4680-8637-b96ffdac2c5a_email.png
9,jamie,sahil@gmail.com,1234567890,Tokyo,uploads\8b9a5115-51c1-4770-9978-767306418d27_email - Copy.jpg
10,eren,sahil@gmail.com,1234567890,New York,uploads\0012d150-4e73-4680-8637-b96ffdac2c5a_email.png
11,sahil,sahil@gmail.com,1234567890,pune,uploads\8b9a5115-51c1-4770-9978-767306418d27_email - Copy.jpg
12,sahil,sahil@gmail.com,1234567890,pune,uploads\0012d150-4e73-4680-8637-b96ffdac2c5a_email.png
13,sahil,sahil@gmail.com,1234567890,pune,uploads\8b9a5115-51c1-4770-9978-767306418d27_email - Copy.jpg
14,karen,karen@gmail.com,7834578235,Tokyo,uploads\c292a19c-4761-45f1-950a-a281b9dfae81_spring security flow.png
15,karen,karen@gmail.com,7834578235,Tokyo,uploads\77a89fbe-1105-4745-b6d0-ec22b0fbed63_Screenshot 2024-09-04 121236.png
16,karen 1,karen@gmail.com,7834578235,Tokyo,uploads\fa6bf504-65ab-4762-9774-d10c01bbb6f2_email - Copy.jpg
17,sahil,sahil@gmail.com,1234567890,Los Angeles,uploads\0012d150-4e73-4680-8637-b96ffdac2c5a_email.png
18,jamie,sahil@gmail.com,1234567890,Tokyo,uploads\8b9a5115-51c1-4770-9978-767306418d27_email - Copy.jpg
19,eren,sahil@gmail.com,1234567890,New York,uploads\0012d150-4e73-4680-8637-b96ffdac2c5a_email.png
20,karen,karen@gmail.com,7834578235,Tokyo,uploads\c292a19c-4761-45f1-950a-a281b9dfae81_spring security flow.png
